-- phpMyAdmin SQL Dump
-- version 5.1.0
-- https://www.phpmyadmin.net/
--
-- Host: 127.0.0.1
-- Generation Time: Jul 01, 2021 at 09:50 PM
-- Server version: 10.4.18-MariaDB
-- PHP Version: 8.0.3

SET SQL_MODE = "NO_AUTO_VALUE_ON_ZERO";
START TRANSACTION;
SET time_zone = "+00:00";


/*!40101 SET @OLD_CHARACTER_SET_CLIENT=@@CHARACTER_SET_CLIENT */;
/*!40101 SET @OLD_CHARACTER_SET_RESULTS=@@CHARACTER_SET_RESULTS */;
/*!40101 SET @OLD_COLLATION_CONNECTION=@@COLLATION_CONNECTION */;
/*!40101 SET NAMES utf8mb4 */;

--
-- Database: `ecom_store`
--

-- --------------------------------------------------------

--
-- Table structure for table `admins`
--

CREATE TABLE `admins` (
  `admin_id` int(10) NOT NULL,
  `admin_name` varchar(255) NOT NULL,
  `admin_email` varchar(255) NOT NULL,
  `admin_pass` varchar(255) NOT NULL,
  `admin_image` text NOT NULL,
  `admin_country` text NOT NULL,
  `admin_about` text NOT NULL,
  `admin_contact` varchar(255) NOT NULL,
  `admin_job` varchar(255) NOT NULL
) ENGINE=InnoDB DEFAULT CHARSET=latin1;

--
-- Dumping data for table `admins`
--

INSERT INTO `admins` (`admin_id`, `admin_name`, `admin_email`, `admin_pass`, `admin_image`, `admin_country`, `admin_about`, `admin_contact`, `admin_job`) VALUES
(2, 'Tatiana Saphira', 'tatiaCute@gmail.id', 'tatiana123', 'tatiana-saphira.jpg', 'Indonesia', 'Change the about description for Tatiana from chelsea Islan', '2222-2222-2222', 'MyMaid'),
(4, 'Nozomi Sasaki', 'papipupepo@gmail.jp', 'nozo123', 'Nozomi_Sasaki-.jpg', 'Japan', 'Lorem ipsum dolor sit amet, consectetur adipisicing elit. Qui illum debitis dolorum ducimus aut maiores veritatis illo doloremque quibusdam placeat quod velit laudantium eligendi sunt et optio, harum in suscipit.', '312-009-323', 'MyWife'),
(5, 'Ezzy', 'ezra@admin.com', 'ezra123', 'iko.png', 'Indonesia', 'This is for IKO', '081806833157', 'Fighter / Actor');

-- --------------------------------------------------------

--
-- Table structure for table `boxes_section`
--

CREATE TABLE `boxes_section` (
  `box_id` int(10) NOT NULL,
  `box_title` text NOT NULL,
  `box_desc` text NOT NULL
) ENGINE=InnoDB DEFAULT CHARSET=latin1;

--
-- Dumping data for table `boxes_section`
--

INSERT INTO `boxes_section` (`box_id`, `box_title`, `box_desc`) VALUES
(2, ' New Title Box Best Offers ', 'New Lorem  dolor sit amet consectetur adipisicing elit. Laborum nam voluptate ipsum, quasi, soluta voluptatem eligendi voluptatum officia sed, molestiae tempore corrupti similique? Deserunt odio fugit facere voluptate consequuntur doloremque?'),
(3, 'New Title Box 100% Satisfy ', 'Lorem ipsum dolor sit amet consectetur adipisicing elit. Laborum nam voluptate ipsum, quasi, soluta voluptatem eligendi voluptatum officia sed, molestiae tempore corrupti similique? Deserunt odio fugit facere voluptate consequuntur doloremque?'),
(4, 'New Title Box New Box Title 4 ', 'Lorem ipsum dolor sit amet consectetur adipisicing elit. Nostrum, aliquid veritatis amet ad saepe nesciunt eos? Quas ipsum laboriosam hic sunt fugit cumque maiores! Ducimus officiis commodi consequuntur rerum minima.');

-- --------------------------------------------------------

--
-- Table structure for table `cart`
--

CREATE TABLE `cart` (
  `p_id` int(10) NOT NULL,
  `ip_add` varchar(255) NOT NULL,
  `qty` int(10) NOT NULL,
  `p_price` varchar(255) NOT NULL,
  `size` text NOT NULL
) ENGINE=InnoDB DEFAULT CHARSET=latin1;

-- --------------------------------------------------------

--
-- Table structure for table `categories`
--

CREATE TABLE `categories` (
  `cat_id` int(10) NOT NULL,
  `cat_title` text NOT NULL,
  `cat_top` text NOT NULL,
  `cat_image` text NOT NULL
) ENGINE=InnoDB DEFAULT CHARSET=latin1;

--
-- Dumping data for table `categories`
--

INSERT INTO `categories` (`cat_id`, `cat_title`, `cat_top`, `cat_image`) VALUES
(1, 'Man', 'yes', 'men.jpg'),
(2, 'Women', 'yes', 'women.jpg'),
(3, 'Kids', 'no', 'kids.jpg'),
(4, 'Other', 'no', 'others.jpg');

-- --------------------------------------------------------

--
-- Table structure for table `coupons`
--

CREATE TABLE `coupons` (
  `coupon_id` int(100) NOT NULL,
  `product_id` int(100) NOT NULL,
  `coupon_title` varchar(255) NOT NULL,
  `coupon_price` varchar(255) NOT NULL,
  `coupon_code` varchar(255) NOT NULL,
  `coupon_limit` int(100) NOT NULL,
  `coupon_used` int(100) NOT NULL
) ENGINE=InnoDB DEFAULT CHARSET=latin1;

--
-- Dumping data for table `coupons`
--

INSERT INTO `coupons` (`coupon_id`, `product_id`, `coupon_title`, `coupon_price`, `coupon_code`, `coupon_limit`, `coupon_used`) VALUES
(2, 5, 'Coupon For Black Swan Blouse', '95', 'kupon28183774', 2, 1),
(4, 10, 'Coupon Forn Diamond Heart Ring', '250', '82828288', 3, 0);

-- --------------------------------------------------------

--
-- Table structure for table `customers`
--

CREATE TABLE `customers` (
  `customer_id` int(10) NOT NULL,
  `customer_name` varchar(255) NOT NULL,
  `customer_email` varchar(255) NOT NULL,
  `customer_pass` varchar(255) NOT NULL,
  `customer_country` text NOT NULL,
  `customer_city` text NOT NULL,
  `customer_contact` varchar(255) NOT NULL,
  `customer_address` text NOT NULL,
  `customer_image` text NOT NULL,
  `customer_ip` varchar(100) NOT NULL
) ENGINE=InnoDB DEFAULT CHARSET=latin1;

--
-- Dumping data for table `customers`
--

INSERT INTO `customers` (`customer_id`, `customer_name`, `customer_email`, `customer_pass`, `customer_country`, `customer_city`, `customer_contact`, `customer_address`, `customer_image`, `customer_ip`) VALUES
(6, 'James Bono', 'jamesbono@gmail.com', 'james1123', 'England', 'London', '555-2255-222', 'Hyde Park', 'member2.jpg', '::1');

-- --------------------------------------------------------

--
-- Table structure for table `customer_orders`
--

CREATE TABLE `customer_orders` (
  `order_id` int(10) NOT NULL,
  `customer_id` int(10) NOT NULL,
  `due_amount` int(100) NOT NULL,
  `invoice_no` int(100) NOT NULL,
  `qty` int(10) NOT NULL,
  `size` text NOT NULL,
  `order_date` date NOT NULL,
  `order_status` text NOT NULL
) ENGINE=InnoDB DEFAULT CHARSET=latin1;

--
-- Dumping data for table `customer_orders`
--

INSERT INTO `customer_orders` (`order_id`, `customer_id`, `due_amount`, `invoice_no`, `qty`, `size`, `order_date`, `order_status`) VALUES
(11, 6, 300, 206863956, 1, 'Small', '2019-02-06', 'Complete'),
(12, 6, 10, 206863956, 1, 'Small', '2019-02-06', 'Complete'),
(13, 5, 10, 949505855, 1, 'Small', '2019-09-14', 'Complete'),
(14, 5, 450, 78379185, 2, 'Medium', '2021-03-05', 'pending');

-- --------------------------------------------------------

--
-- Table structure for table `manufacturers`
--

CREATE TABLE `manufacturers` (
  `manufacturer_id` int(10) NOT NULL,
  `manufacturer_title` text NOT NULL,
  `manufacturer_top` text NOT NULL,
  `manufacturer_image` text NOT NULL
) ENGINE=InnoDB DEFAULT CHARSET=latin1;

--
-- Dumping data for table `manufacturers`
--

INSERT INTO `manufacturers` (`manufacturer_id`, `manufacturer_title`, `manufacturer_top`, `manufacturer_image`) VALUES
(1, 'Name_2', 'yes', 'man_2.jpg'),
(2, 'Jenny Artha', 'yes', 'man_3.jpg'),
(3, 'Hendra', 'no', 'man_4.jpg'),
(4, 'Name_5', 'no', 'man_5.jpg'),
(5, 'Manufacturer 2', 'no', 'new-jacket-women-1.jpg');

-- --------------------------------------------------------

--
-- Table structure for table `payments`
--

CREATE TABLE `payments` (
  `payment_id` int(10) NOT NULL,
  `invoice_no` int(10) NOT NULL,
  `amount` int(10) NOT NULL,
  `payment_mode` text NOT NULL,
  `ref_no` int(10) NOT NULL,
  `code` int(10) NOT NULL,
  `payment_date` text NOT NULL
) ENGINE=InnoDB DEFAULT CHARSET=latin1;

--
-- Dumping data for table `payments`
--

INSERT INTO `payments` (`payment_id`, `invoice_no`, `amount`, `payment_mode`, `ref_no`, `code`, `payment_date`) VALUES
(6, 206863956, 10, 'Western Union', 123123, 321321, '02-09-2019'),
(7, 1231231, 1313, 'Back Code', 123132, 123123, '123123');

-- --------------------------------------------------------

--
-- Table structure for table `pending_orders`
--

CREATE TABLE `pending_orders` (
  `order_id` int(10) NOT NULL,
  `customer_id` int(10) NOT NULL,
  `invoice_no` int(10) NOT NULL,
  `product_id` text NOT NULL,
  `qty` int(10) NOT NULL,
  `size` text NOT NULL,
  `order_status` text NOT NULL
) ENGINE=InnoDB DEFAULT CHARSET=latin1;

-- --------------------------------------------------------

--
-- Table structure for table `products`
--

CREATE TABLE `products` (
  `product_id` int(10) NOT NULL,
  `p_cat_id` int(10) NOT NULL,
  `cat_id` int(10) NOT NULL,
  `manufacturer_id` int(10) NOT NULL,
  `date` timestamp NOT NULL DEFAULT current_timestamp() ON UPDATE current_timestamp(),
  `product_title` text NOT NULL,
  `product_img1` text NOT NULL,
  `product_img2` text NOT NULL,
  `product_img3` text NOT NULL,
  `product_price` int(10) DEFAULT NULL,
  `product_keywords` text NOT NULL,
  `product_desc` text NOT NULL,
  `product_label` text NOT NULL,
  `product_sale` int(100) NOT NULL
) ENGINE=InnoDB DEFAULT CHARSET=latin1;

--
-- Dumping data for table `products`
--

INSERT INTO `products` (`product_id`, `p_cat_id`, `cat_id`, `manufacturer_id`, `date`, `product_title`, `product_img1`, `product_img2`, `product_img3`, `product_price`, `product_keywords`, `product_desc`, `product_label`, `product_sale`) VALUES
(1, 1, 2, 3, '2019-10-23 15:35:58', 'Tokichoi Front Pocket Collared Dress', 'product_front.jpg', 'product-back.jpg', 'product_hang.jpg', 66, 'Dress', '<p>Just want to try update</p>', 'sale', 55),
(2, 4, 3, 3, '2019-10-23 15:36:03', 'Boys Puffer Coat With Detachable Hood', 'boys-Puffer-Coat-With-Detachable-Hood-1.jpg', 'boys-Puffer-Coat-With-Detachable-Hood-2.jpg', 'boys-Puffer-Coat-With-Detachable-Hood-3.jpg', 121, 'Hood', '<p>Lorem ipsum dolor sit amet, consectetur adipisicing elit. Tenetur cupiditate animi, voluptas neque quasi qui unde fuga porro vero magnam maiores optio amet quos temporibus? Amet saepe fugit nostrum a?</p>', 'sale', 100),
(3, 5, 2, 5, '2019-10-23 15:36:09', 'Girl Polos T-Shirt', 'g-polos-tshirt-1.jpg', 'g-polos-tshirt-2.jpg', '', 55, 'Shirt', '<p>Lorem ipsum dolor sit amet, consectetur adipisicing elit. Tenetur cupiditate animi, voluptas neque quasi qui unde fuga porro vero magnam maiores optio amet quos temporibus? Amet saepe fugit nostrum a?</p>', 'sale', 50),
(4, 1, 1, 2, '2019-10-23 14:24:55', 'Man Geox Winter Jacket', 'Man-Geox-Winter-jacket-1.jpg', 'Man-Geox-Winter-jacket-2.jpg', 'Man-Geox-Winter-jacket-3.jpg', 100, 'Snake Skin', '<p>Lorem ipsum dolor sit amet, consectetur adipisicing elit. Tenetur cupiditate animi, voluptas neque quasi qui unde fuga porro vero magnam maiores optio amet quos temporibus? Amet saepe fugit nostrum a?</p>', 'new', 0),
(5, 1, 2, 1, '2019-10-26 07:47:16', 'Women Red Winter Jacket', 'Red-Winter-jacket-1.jpg', 'Red-Winter-jacket-2.jpg', 'Red-Winter-jacket-3.jpg', 103, 'Korean Jacket', '<p>Lorem ipsum dolor sit amet, consectetur adipisicing elit. Tenetur cupiditate animi, voluptas neque quasi qui unde fuga porro vero magnam maiores optio amet quos temporibus? Amet saepe fugit nostrum a?</p>', 'new', 0),
(6, 4, 2, 2, '2019-10-23 15:36:19', 'Woman Waxed Cotton Coat', 'waxed-cotton-coat-woman-1.jpg', 'waxed-cotton-coat-woman-2.jpg', 'waxed-cotton-coat-woman-3.jpg', 211, 'Cotton', '<p>Lorem ipsum dolor sit amet, consectetur adipisicing elit. Tenetur cupiditate animi, voluptas neque quasi qui unde fuga porro vero magnam maiores optio amet quos temporibus? Amet saepe fugit nostrum a?</p>', 'sale', 200),
(7, 3, 2, 4, '2019-10-23 15:36:23', 'High Heels Pantofel Brukat', 'High Heels Women Pantofel Brukat-1.jpg', 'High Heels Women Pantofel Brukat-2.jpg', 'High Heels Women Pantofel Brukat-3.jpg', 45, 'High Heel', '<p>Lorem ipsum dolor sit amet, consectetur adipisicing elit. Tenetur cupiditate animi, voluptas neque quasi qui unde fuga porro vero magnam maiores optio amet quos temporibus? Amet saepe fugit nostrum a?</p>', 'sale', 40),
(8, 3, 1, 3, '2019-10-23 14:25:09', 'Adidas Suarez Slop On', 'Man-Adidas-Suarez-Slop-On-1.jpg', 'Man-Adidas-Suarez-Slop-On-2.jpg', 'Man-Adidas-Suarez-Slop-On-3.jpg', 51, 'Adidas Suarez', '<p>Lorem ipsum dolor sit amet, consectetur adipisicing elit. Tenetur cupiditate animi, voluptas neque quasi qui unde fuga porro vero magnam maiores optio amet quos temporibus? Amet saepe fugit nostrum a?</p>', 'new', 0),
(9, 2, 1, 4, '2019-10-23 14:25:12', 'Mont Blanc Belt Man', 'Mont-Blanc-Belt-man-1.jpg', 'Mont-Blanc-Belt-man-2.jpg', 'Mont-Blanc-Belt-man-3.jpg', 166, 'Belt', '<p>Lorem ipsum dolor sit amet, consectetur adipisicing elit. Tenetur cupiditate animi, voluptas neque quasi qui unde fuga porro vero magnam maiores optio amet quos temporibus? Amet saepe fugit nostrum a?</p>', 'new', 0),
(10, 2, 2, 5, '2019-10-23 14:25:17', 'Diamond Heart Ring', 'women-diamond-heart-ring-1.jpg', 'women-diamond-heart-ring-2.jpg', 'women-diamond-heart-ring-3.jpg', 300, 'Ring', '<p>Lorem ipsum dolor sit amet, consectetur adipisicing elit. Tenetur cupiditate animi, voluptas neque quasi qui unde fuga porro vero magnam maiores optio amet quos temporibus? Amet saepe fugit nostrum a?</p>', 'new', 0),
(11, 5, 1, 2, '2019-10-23 14:25:20', 'Grey Man T-Shirt', 'grey-man-1.jpg', 'grey-man-2.jpg', 'grey-man-3.jpg', 50, 'Casual', '<p>Lorem ipsum dolor sit amet, consectetur adipisicing elit. Quasi rem nemo, autem at ad temporibus, maiores ducimus sed quam enim reprehenderit distinctio similique debitis, quis corrupti est. Sed, rem, voluptatibus!</p>', 'new', 0),
(12, 5, 1, 3, '2019-10-23 15:14:23', 'Man Polo Casual T-Shirt', 'Man-Polo-1.jpg', 'Man-Polo-2.jpg', 'Man-Polo-3.jpg', 45, 'Casual', '<p>Lorem ipsum dolor sit amet, consectetur adipisicing elit. Quasi rem nemo, autem at ad temporibus, maiores ducimus sed quam enim reprehenderit distinctio similique debitis, quis corrupti est. Sed, rem, voluptatibus!</p>', 'new', 0),
(13, 5, 1, 3, '2019-10-23 15:36:33', 'Boy Polos T-Shirt', 'polos-tshirt-1.jpg', 'polos-tshirt-2.jpg', 'polos-tshirt-2.jpg', 40, 'Casual', '<p>Lorem ipsum dolor sit amet, consectetur adipisicing elit. Quasi rem nemo, autem at ad temporibus, maiores ducimus sed quam enim reprehenderit distinctio similique debitis, quis corrupti est. Sed, rem, voluptatibus!</p>', 'sale', 35),
(14, 1, 1, 4, '2019-10-23 15:36:39', 'Levi`s Trucker Jacket', 'levis-Trucker-Jacket.jpg', 'levis-Trucker-Jacket-2.jpg', 'levis-Trucker-Jacket-3.jpg', 98, 'Trucker', '<p>Lorem ipsum dolor sit amet, consectetur adipisicing elit. Quasi rem nemo, autem at ad temporibus, maiores ducimus sed quam enim reprehenderit distinctio similique debitis, quis corrupti est. Sed, rem, voluptatibus!</p>', 'sale', 90),
(15, 2, 2, 5, '2019-10-23 14:25:34', 'Hijab Girl New', 'hijab-anak-1.jpg', 'hijab-anak-2.jpg', 'hijab-anak-3.jpg', 10, 'Hijab Kids', '<p>This is just description for sampe product of hijab. And Cha cha cha And Cha cha cha And Cha cha cha And Cha cha cha And Cha cha cha And Cha cha cha And Cha cha cha And Cha cha cha And Cha cha cha And Cha cha cha And Cha cha cha</p>', 'new', 0),
(17, 1, 2, 2, '2019-10-23 14:25:37', 'Edited Women Jacket ', 'new-jacket-women-1.jpg', 'new-jacket-women-2.jpg', 'new-jacket-women-3.jpg', 68, 'Women Jacket', '<p>This is just description for sampe product of hijab. And Cha cha cha And Cha cha cha And Cha cha cha And Cha cha cha And Cha cha cha And Cha cha cha And Cha cha cha And Cha cha cha And Cha cha cha And Cha cha cha And Cha cha cha</p>', 'new', 0),
(18, 4, 2, 2, '2019-10-26 11:32:01', 'Black Swan Blouse', 'black-swan-blouse.jpg', 'swan-blouse-2.jpg', 'swan-blouse-3.jpg', 225, 'Blouse, Coat, Woman, Jacket', '<div>Lorem&nbsp;ipsum&nbsp;dolor&nbsp;sit&nbsp;amet&nbsp;consectetur,&nbsp;adipisicing&nbsp;elit.&nbsp;Quod&nbsp;et&nbsp;omnis,&nbsp;ducimus&nbsp;facere&nbsp;sunt&nbsp;dolores&nbsp;laudantium&nbsp;fugiat&nbsp;corporis&nbsp;ipsam&nbsp;distinctio&nbsp;at,&nbsp;sequi&nbsp;maxime&nbsp;iste,&nbsp;magnam&nbsp;ad.&nbsp;Consectetur&nbsp;reprehenderit&nbsp;maxime&nbsp;consequatur.</div>', 'new', 0);

-- --------------------------------------------------------

--
-- Table structure for table `product_categories`
--

CREATE TABLE `product_categories` (
  `p_cat_id` int(10) NOT NULL,
  `p_cat_title` text NOT NULL,
  `p_cat_top` text NOT NULL,
  `p_cat_image` text NOT NULL
) ENGINE=InnoDB DEFAULT CHARSET=latin1;

--
-- Dumping data for table `product_categories`
--

INSERT INTO `product_categories` (`p_cat_id`, `p_cat_title`, `p_cat_top`, `p_cat_image`) VALUES
(1, 'Jackets', 'yes', 'jacket.jpg'),
(2, 'Accessories', 'no', 'acc.jpg'),
(3, 'Shoes', 'no', 'shoes.jpg'),
(4, 'Coats ', 'yes', 'coat.jpg'),
(5, 'T-Shirt', 'no', 'tshirt.jpg');

-- --------------------------------------------------------

--
-- Table structure for table `slider`
--

CREATE TABLE `slider` (
  `slide_id` int(10) NOT NULL,
  `slide_name` varchar(255) NOT NULL,
  `slide_image` text NOT NULL,
  `slide_url` varchar(255) NOT NULL
) ENGINE=InnoDB DEFAULT CHARSET=latin1;

--
-- Dumping data for table `slider`
--

INSERT INTO `slider` (`slide_id`, `slide_name`, `slide_image`, `slide_url`) VALUES
(8, 'Mishael nhjytdtrfx', 'logogo.PNG', 'http://localhost/m-dev-store/checkout.php'),
(9, 'Slide Number 11', 'slider-number-11.jpg', 'http://localhost/m-dev-store/shop.php'),
(13, 'Editing Slide 12', 'slider-number-12.jpg', 'test.com'),
(14, 'Slide Number 14', 'slider-number-14.jpg', 'https://youtube.com/c/mdevmedia');

-- --------------------------------------------------------

--
-- Table structure for table `terms`
--

CREATE TABLE `terms` (
  `term_id` int(10) NOT NULL,
  `term_title` varchar(100) NOT NULL,
  `term_link` varchar(100) NOT NULL,
  `term_desc` text NOT NULL
) ENGINE=InnoDB DEFAULT CHARSET=latin1;

--
-- Dumping data for table `terms`
--

INSERT INTO `terms` (`term_id`, `term_title`, `term_link`, `term_desc`) VALUES
(9, 'Rules & Regulations', 'link_1', '<div>Lorem ipsum, dolor sit amet consectetur adipisicing elit. Quidem ut itaque quibusdam dolores modi natus. Enim earum laboriosam, quos error voluptatem fugiat eos? In maiores quia eligendi, ea aperiam voluptate.</div>'),
(10, 'Promo & Regulations', 'link_2', '<div>gygyut7tyui</div>'),
(11, 'Refund Condition Policy', 'link_3', '<p>Lorem ipsum, dolor sit amet consectetur adipisicing elit. Quidem ut itaque quibusdam dolores modi natus. Enim earum laboriosam, quos error voluptatem fugiat eos? In maiores quia eligendi, ea aperiam voluptate.</p>');

--
-- Indexes for dumped tables
--

--
-- Indexes for table `admins`
--
ALTER TABLE `admins`
  ADD PRIMARY KEY (`admin_id`);

--
-- Indexes for table `boxes_section`
--
ALTER TABLE `boxes_section`
  ADD PRIMARY KEY (`box_id`);

--
-- Indexes for table `cart`
--
ALTER TABLE `cart`
  ADD PRIMARY KEY (`p_id`);

--
-- Indexes for table `categories`
--
ALTER TABLE `categories`
  ADD PRIMARY KEY (`cat_id`);

--
-- Indexes for table `coupons`
--
ALTER TABLE `coupons`
  ADD PRIMARY KEY (`coupon_id`);

--
-- Indexes for table `customers`
--
ALTER TABLE `customers`
  ADD PRIMARY KEY (`customer_id`);

--
-- Indexes for table `customer_orders`
--
ALTER TABLE `customer_orders`
  ADD PRIMARY KEY (`order_id`);

--
-- Indexes for table `manufacturers`
--
ALTER TABLE `manufacturers`
  ADD PRIMARY KEY (`manufacturer_id`);

--
-- Indexes for table `payments`
--
ALTER TABLE `payments`
  ADD PRIMARY KEY (`payment_id`);

--
-- Indexes for table `pending_orders`
--
ALTER TABLE `pending_orders`
  ADD PRIMARY KEY (`order_id`);

--
-- Indexes for table `products`
--
ALTER TABLE `products`
  ADD PRIMARY KEY (`product_id`);

--
-- Indexes for table `product_categories`
--
ALTER TABLE `product_categories`
  ADD PRIMARY KEY (`p_cat_id`);

--
-- Indexes for table `slider`
--
ALTER TABLE `slider`
  ADD PRIMARY KEY (`slide_id`);

--
-- Indexes for table `terms`
--
ALTER TABLE `terms`
  ADD PRIMARY KEY (`term_id`);

--
-- AUTO_INCREMENT for dumped tables
--

--
-- AUTO_INCREMENT for table `admins`
--
ALTER TABLE `admins`
  MODIFY `admin_id` int(10) NOT NULL AUTO_INCREMENT, AUTO_INCREMENT=7;

--
-- AUTO_INCREMENT for table `boxes_section`
--
ALTER TABLE `boxes_section`
  MODIFY `box_id` int(10) NOT NULL AUTO_INCREMENT, AUTO_INCREMENT=5;

--
-- AUTO_INCREMENT for table `categories`
--
ALTER TABLE `categories`
  MODIFY `cat_id` int(10) NOT NULL AUTO_INCREMENT, AUTO_INCREMENT=5;

--
-- AUTO_INCREMENT for table `coupons`
--
ALTER TABLE `coupons`
  MODIFY `coupon_id` int(100) NOT NULL AUTO_INCREMENT, AUTO_INCREMENT=6;

--
-- AUTO_INCREMENT for table `customers`
--
ALTER TABLE `customers`
  MODIFY `customer_id` int(10) NOT NULL AUTO_INCREMENT, AUTO_INCREMENT=7;

--
-- AUTO_INCREMENT for table `customer_orders`
--
ALTER TABLE `customer_orders`
  MODIFY `order_id` int(10) NOT NULL AUTO_INCREMENT, AUTO_INCREMENT=15;

--
-- AUTO_INCREMENT for table `manufacturers`
--
ALTER TABLE `manufacturers`
  MODIFY `manufacturer_id` int(10) NOT NULL AUTO_INCREMENT, AUTO_INCREMENT=6;

--
-- AUTO_INCREMENT for table `payments`
--
ALTER TABLE `payments`
  MODIFY `payment_id` int(10) NOT NULL AUTO_INCREMENT, AUTO_INCREMENT=8;

--
-- AUTO_INCREMENT for table `pending_orders`
--
ALTER TABLE `pending_orders`
  MODIFY `order_id` int(10) NOT NULL AUTO_INCREMENT, AUTO_INCREMENT=13;

--
-- AUTO_INCREMENT for table `products`
--
ALTER TABLE `products`
  MODIFY `product_id` int(10) NOT NULL AUTO_INCREMENT, AUTO_INCREMENT=19;

--
-- AUTO_INCREMENT for table `product_categories`
--
ALTER TABLE `product_categories`
  MODIFY `p_cat_id` int(10) NOT NULL AUTO_INCREMENT, AUTO_INCREMENT=6;

--
-- AUTO_INCREMENT for table `slider`
--
ALTER TABLE `slider`
  MODIFY `slide_id` int(10) NOT NULL AUTO_INCREMENT, AUTO_INCREMENT=15;

--
-- AUTO_INCREMENT for table `terms`
--
ALTER TABLE `terms`
  MODIFY `term_id` int(10) NOT NULL AUTO_INCREMENT, AUTO_INCREMENT=12;
COMMIT;

/*!40101 SET CHARACTER_SET_CLIENT=@OLD_CHARACTER_SET_CLIENT */;
/*!40101 SET CHARACTER_SET_RESULTS=@OLD_CHARACTER_SET_RESULTS */;
/*!40101 SET COLLATION_CONNECTION=@OLD_COLLATION_CONNECTION */;
